{
  "epoch": [
    1,
    2,
    3,
    4,
    5,
    6,
    7,
    8,
    9,
    10,
    11,
    12,
    13,
    14,
    15,
    16,
    17,
    18,
    19,
    20,
    21,
    22,
    23,
    24,
    25,
    26,
    27,
    28,
    29,
    30,
    31,
    32,
    33,
    34,
    35,
    36,
    37,
    38,
    39,
    40,
    41,
    42,
    43,
    44,
    45,
    46,
    47,
    48,
    49,
    50
  ],
  "train_sent_acc": [
    0.4877365101611773,
    0.5916508158974872,
    0.6265892481729903,
    0.6459105015517069,
    0.6675342877164882,
    0.6828511362498748,
    0.6957653418760636,
    0.7043748122935228,
    0.7068775653218541,
    0.7073781159275203,
    0.714185604164581,
    0.7142857142857143,
    0.7107818600460507,
    0.7135849434377816,
    0.71538692561818,
    0.7114826308939833,
    0.7212934227650415,
    0.7282010211232356,
    0.738111923115427,
    0.7512263489838823,
    0.7634397837621384,
    0.7846631294423866,
    0.8047852637901692,
    0.8269096005606167,
    0.8521373510861948,
    0.8681549704675142,
    0.8914806286915608,
    0.8999899889878866,
    0.905796376013615,
    0.9091000100110121,
    0.920012013214536,
    0.9117028731604765,
    0.9153068375212734,
    0.914706176794474,
    0.9108018820702773,
    0.919611572730003,
    0.9228150966062669,
    0.9256181799979978,
    0.935028531384523,
    0.9384322755030533,
    0.9506457102813094,
    0.9550505556111722,
    0.9655621183301631,
    0.9766743417759536,
    0.9831814996496145,
    0.9882871158274101,
    0.9922915206727401,
    0.9935929522474722,
    0.9944939433376715,
    0.9953949344278706
  ],
  "train_emo_acc": [
    0.1313444789268195,
    0.1909100010011012,
    0.2400640704775253,
    0.2749023926318951,
    0.2958254079487436,
    0.3273600961057163,
    0.33887276003603967,
    0.36229852838121934,
    0.3741115226749424,
    0.3856241866052658,
    0.3820202222444689,
    0.38642506757433176,
    0.385724296726399,
    0.38812693963359696,
    0.3911302432675944,
    0.40014015416958654,
    0.4071478626489138,
    0.4316748423265592,
    0.44899389328261086,
    0.4716187806587246,
    0.49494443888277107,
    0.5358894784262689,
    0.5748323155471018,
    0.6234858344178597,
    0.636199819801782,
    0.6795475022524777,
    0.7002702973270598,
    0.716988687556312,
    0.7299028931825008,
    0.7352087296025628,
    0.7353088397236961,
    0.7339072980278306,
    0.7375112623886275,
    0.7443187506256883,
    0.7401141255380919,
    0.7520272299529482,
    0.7632395635198719,
    0.7735509059965963,
    0.7800580638702573,
    0.8063870257283011,
    0.817699469416358,
    0.8399239163079387,
    0.8598458304134547,
    0.8848733606967665,
    0.8995895485033537,
    0.9153068375212734,
    0.9302232455701271,
    0.9430373410751827,
    0.9454399839823806,
    0.947241966162779
  ],
  "val_sent_acc": [
    0.5734896302975654,
    0.6510369702434626,
    0.648331830477908,
    0.6654643823264202,
    0.678990081154193,
    0.690712353471596,
    0.6862037871956718,
    0.6880072137060415,
    0.6943192064923355,
    0.6952209197475203,
    0.6952209197475203,
    0.6961226330027052,
    0.7015329125338142,
    0.7033363390441839,
    0.7069431920649234,
    0.7096483318304779,
    0.7204688908926962,
    0.7132551848512173,
    0.7321911632100991,
    0.739404869251578,
    0.7583408476104598,
    0.7610459873760145,
    0.7718665464382326,
    0.7899008115419297,
    0.7917042380522994,
    0.8025247971145176,
    0.8124436429215509,
    0.8115419296663661,
    0.8115419296663661,
    0.8196573489630298,
    0.8196573489630298,
    0.8196573489630298,
    0.8205590622182146,
    0.8205590622182146,
    0.8286744815148782,
    0.8232642019837692,
    0.8277727682596934,
    0.8214607754733995,
    0.8205590622182146,
    0.8340847610459874,
    0.8232642019837692,
    0.830477908025248,
    0.8385933273219116,
    0.8394950405770965,
    0.8385933273219116,
    0.8322813345356177,
    0.8322813345356177,
    0.8349864743011722,
    0.8376916140667268,
    0.8385933273219116
  ],
  "val_emo_acc": [
    0.22633002705139765,
    0.27141568981064024,
    0.3146979260595131,
    0.34986474301172227,
    0.3904418394950406,
    0.37240757439134353,
    0.4265103697024346,
    0.4310189359783589,
    0.4436429215509468,
    0.4400360685302074,
    0.4400360685302074,
    0.44454463480613166,
    0.4508566275924256,
    0.45536519386834984,
    0.45175834084761046,
    0.49864743011722273,
    0.4824165915238954,
    0.4382326420198377,
    0.4571686203787196,
    0.5662759242560865,
    0.5626690712353472,
    0.6167718665464382,
    0.6203787195671776,
    0.6266907123534716,
    0.6663660955816051,
    0.654643823264202,
    0.6672678088367899,
    0.6925157799819658,
    0.6979260595130748,
    0.6952209197475203,
    0.6952209197475203,
    0.6997294860234445,
    0.7078449053201082,
    0.6934174932371506,
    0.7204688908926962,
    0.7141568981064021,
    0.7385031559963932,
    0.7132551848512173,
    0.739404869251578,
    0.7421100090171325,
    0.757439134355275,
    0.7763751127141569,
    0.7718665464382326,
    0.7971145175834085,
    0.7899008115419297,
    0.781785392245266,
    0.7980162308385933,
    0.8052299368800722,
    0.7980162308385933,
    0.8070333633904418
  ],
  "avg_attn_audio": [
    0.5616053342819214,
    0.5870971083641052,
    0.504061222076416,
    0.7414219379425049,
    0.6336314082145691,
    0.6028042435646057,
    0.6506639719009399,
    0.6513965725898743,
    0.6397551894187927,
    0.6396914720535278,
    0.6396914720535278,
    0.6449835300445557,
    0.6735196113586426,
    0.6363267302513123,
    0.6453837752342224,
    0.6812015175819397,
    0.6188033223152161,
    0.6224253177642822,
    0.551648736000061,
    0.7286479473114014,
    0.6720742583274841,
    0.6773636341094971,
    0.6521609425544739,
    0.6732840538024902,
    0.6626384258270264,
    0.6423563957214355,
    0.6571639776229858,
    0.6720078587532043,
    0.6687434315681458,
    0.6654128432273865,
    0.6654128432273865,
    0.6711059212684631,
    0.6751530170440674,
    0.6439048647880554,
    0.6969760060310364,
    0.6663196086883545,
    0.6828096508979797,
    0.6581904292106628,
    0.6626542210578918,
    0.675710141658783,
    0.7144350409507751,
    0.702917754650116,
    0.6260313987731934,
    0.6876115202903748,
    0.6769378781318665,
    0.6761141419410706,
    0.6901759505271912,
    0.6702161431312561,
    0.665675938129425,
    0.6740575432777405
  ]
}