{
  "epoch": [
    1,
    2,
    3,
    4,
    5,
    6,
    7,
    8,
    9,
    10,
    11,
    12,
    13,
    14,
    15,
    16,
    17,
    18,
    19,
    20,
    21,
    22,
    23,
    24,
    25,
    26,
    27,
    28,
    29,
    30,
    31,
    32,
    33,
    34,
    35,
    36,
    37,
    38,
    39,
    40,
    41,
    42,
    43,
    44,
    45,
    46,
    47,
    48,
    49,
    50
  ],
  "train_sent_acc": [
    0.4658123936329963,
    0.5914505956552207,
    0.6359995995595155,
    0.6537190910001001,
    0.6663329662628892,
    0.6805486034638102,
    0.6949644609069977,
    0.7020722795074582,
    0.7067774552007208,
    0.7115827410151166,
    0.7077785564120532,
    0.7085794373811193,
    0.7057763539893883,
    0.7046751426569227,
    0.7111823005305836,
    0.714185604164581,
    0.7217939733707078,
    0.7260987085794374,
    0.7353088397236961,
    0.7477224947442186,
    0.7691460606667334,
    0.7844629092001202,
    0.8080888977875663,
    0.8316147762538793,
    0.8512363599959956,
    0.8705576133747122,
    0.8913805185704274,
    0.8973871258384223,
    0.910701771949144,
    0.9177094804284713,
    0.9191110221243368,
    0.9125037541295425,
    0.9101011112223446,
    0.9158073881269396,
    0.9161077184903393,
    0.9187105816398038,
    0.9197116828511362,
    0.926118730603664,
    0.9304234658123937,
    0.9378316147762539,
    0.9527480228251076,
    0.9552507758534388,
    0.9659625588146962,
    0.9765742316548203,
    0.9835819401341476,
    0.9877865652217439,
    0.991490639703674,
    0.9922915206727401,
    0.9949944939433377,
    0.9956952647912704
  ],
  "train_emo_acc": [
    0.12683952347582342,
    0.1853038342176394,
    0.2272499749724697,
    0.26358994894383825,
    0.2925217739513465,
    0.3194513965361898,
    0.34497947742516766,
    0.3659024927420162,
    0.37110821904094504,
    0.37761537691460606,
    0.36960656722394636,
    0.3757132846130744,
    0.3789168084893383,
    0.3837220943037341,
    0.3814195615176694,
    0.39393332665932523,
    0.40774852337571327,
    0.42656922614876364,
    0.4496946641305436,
    0.47001701872059265,
    0.5035539093002303,
    0.5328861747922715,
    0.5738312143357693,
    0.6083692061267394,
    0.6364000400440485,
    0.6602262488737611,
    0.6896586244869356,
    0.70767844629092,
    0.7180898988887776,
    0.7216938632495745,
    0.7204925417959755,
    0.7293022324557012,
    0.7277004705175694,
    0.7315046551206327,
    0.7262989288217039,
    0.7419161077184904,
    0.7550305335869456,
    0.7589348283111422,
    0.772649914906397,
    0.7925718290119131,
    0.8087896686354991,
    0.831114225648213,
    0.8491340474521974,
    0.8716588247071779,
    0.8953849234157574,
    0.9041946140754831,
    0.9190109120032035,
    0.9242166383021323,
    0.9306236860546602,
    0.9337270998097907
  ],
  "val_sent_acc": [
    0.6357078449053201,
    0.6501352569882777,
    0.6853020739404869,
    0.654643823264202,
    0.6853020739404869,
    0.7033363390441839,
    0.7024346257889991,
    0.715058611361587,
    0.7051397655545536,
    0.7078449053201082,
    0.7078449053201082,
    0.7096483318304779,
    0.7078449053201082,
    0.715058611361587,
    0.7186654643823264,
    0.7177637511271415,
    0.7159603246167718,
    0.7339945897204689,
    0.7330928764652841,
    0.739404869251578,
    0.763751127141569,
    0.763751127141569,
    0.7853922452660054,
    0.7971145175834085,
    0.8043282236248873,
    0.8133453561767358,
    0.8187556357078449,
    0.8286744815148782,
    0.8358881875563571,
    0.8340847610459874,
    0.8340847610459874,
    0.8358881875563571,
    0.8376916140667268,
    0.8313796212804329,
    0.8394950405770965,
    0.8313796212804329,
    0.8458070333633905,
    0.8367899008115419,
    0.8394950405770965,
    0.8412984670874661,
    0.8349864743011722,
    0.8449053201082056,
    0.842200180342651,
    0.8440036068530208,
    0.8367899008115419,
    0.8440036068530208,
    0.8458070333633905,
    0.8440036068530208,
    0.8403967538322813,
    0.8458070333633905
  ],
  "val_emo_acc": [
    0.2254283137962128,
    0.2822362488728584,
    0.29486023444544635,
    0.35978358881875566,
    0.35888187556357076,
    0.3552750225428314,
    0.38683498647430115,
    0.4030658250676285,
    0.4138863841298467,
    0.4147880973850316,
    0.4147880973850316,
    0.4174932371505861,
    0.4075743913435528,
    0.4247069431920649,
    0.4238052299368801,
    0.4526600541027953,
    0.436429215509468,
    0.4472497745716862,
    0.45897204688908927,
    0.48512173128944996,
    0.5581605049594229,
    0.5184851217312895,
    0.6014427412082958,
    0.5915238954012624,
    0.6203787195671776,
    0.6366095581605049,
    0.6528403967538323,
    0.6735798016230838,
    0.6654643823264202,
    0.6762849413886384,
    0.6762849413886384,
    0.678990081154193,
    0.6844003606853021,
    0.6916140667267808,
    0.6898106402164111,
    0.7132551848512173,
    0.7087466185752931,
    0.7123534715960325,
    0.7376014427412083,
    0.757439134355275,
    0.7421100090171325,
    0.7592425608656447,
    0.7619477006311993,
    0.7853922452660054,
    0.7908025247971145,
    0.8097385031559964,
    0.7944093778178539,
    0.8079350766456267,
    0.8097385031559964,
    0.8088367899008115
  ],
  "avg_attn_audio": [
    0.8099773526191711,
    0.7371401786804199,
    0.7498301267623901,
    0.8951693773269653,
    0.783370316028595,
    0.7949457764625549,
    0.7890284061431885,
    0.8135716915130615,
    0.8139894008636475,
    0.8196734189987183,
    0.8196734189987183,
    0.8141424059867859,
    0.8012273907661438,
    0.7948989272117615,
    0.7806881666183472,
    0.8310545682907104,
    0.7672579884529114,
    0.8164311051368713,
    0.6827371716499329,
    0.8008721470832825,
    0.8473336100578308,
    0.8164812326431274,
    0.8341836929321289,
    0.7739230990409851,
    0.7745354771614075,
    0.8113629221916199,
    0.7965400218963623,
    0.8178713321685791,
    0.7768694758415222,
    0.784349262714386,
    0.784349262714386,
    0.789630115032196,
    0.7811055183410645,
    0.7936145663261414,
    0.782193124294281,
    0.7881643176078796,
    0.8045313358306885,
    0.7866460680961609,
    0.7929966449737549,
    0.8275788426399231,
    0.7481545209884644,
    0.7895590662956238,
    0.7671347260475159,
    0.7637805342674255,
    0.7839643955230713,
    0.7798125147819519,
    0.7582824230194092,
    0.7790495157241821,
    0.7773096561431885,
    0.7754198908805847
  ]
}