{
  "overall_accuracy": 0.416673457745905,
  "per_dataset": {
    "CREMA-D": 0.6998207885304659,
    "IEMOCAP": 0.35372049008865425
  },
  "per_emotion": {
    "anger": 0.22352587244283995,
    "disgust": 0.6256684491978609,
    "fear": 0.46601941747572817,
    "joy": 0.27241035856573703,
    "neutral": 0.6025122418565042,
    "sadness": 0.3894230769230769
  }
}