,precision,recall,f1-score,support
neutral,0.0,0.0,0.0,3324.0
anger,0.0,0.0,0.0,374.0
disgust,0.0,0.0,0.0,412.0
fear,0.45766345123258306,1.0,0.6279411764705882,4697.0
sadness,0.0,0.0,0.0,1456.0
accuracy,0.45766345123258306,0.45766345123258306,0.45766345123258306,0.45766345123258306
macro avg,0.09153269024651661,0.2,0.12558823529411764,10263.0
weighted avg,0.20945583459411893,0.45766345123258306,0.2873857259945779,10263.0
