{
  "crema_only": 0.32456140350877194,
  "combined": 0.3201754385964912
}