mode,sentiment_acc,sentiment_f1,emotion_acc,emotion_f1
fusion,0.7084291187739463,0.7101273048833112,0.6402298850574712,0.6555787039508284
audio,0.4900383141762452,0.49187783281100456,0.37049808429118775,0.39073115561844873
text,0.6781609195402298,0.6780819147612596,0.5888888888888889,0.6099287835813295
