True_Emotion,avg_audio_attn,avg_text_attn,n_samples
anger,0.35102062536116013,0.6489793746388398,298
disgust,0.4875255561825158,0.5124744438174842,69
fear,0.4226836028030595,0.5773163971969405,74
joy,0.5949429991630326,0.4050570008369674,452
neutral,0.758537541166823,0.24146245883317696,1243
sadness,0.5356420950108284,0.4643579049891717,148
surprise,0.3692208278261445,0.6307791721738555,326
