True_Sentiment,avg_audio_attn,avg_text_attn,n_samples
negative,0.5532465336790547,0.4467534663209452,762
neutral,0.6157940473536379,0.38420595264636215,1243
positive,0.6101906609682998,0.3898093390317003,605
