True_Emotion,avg_audio_attn,avg_text_attn,n_samples
anger,0.3887857752883394,0.6112142247116605,298
disgust,0.574540549862212,0.42545945013778796,69
fear,0.40427495831170596,0.595725041688294,74
joy,0.7283741038589351,0.2716258961410649,452
neutral,0.8557863297811555,0.14421367021884443,1243
sadness,0.584438512177282,0.4155614878227179,148
surprise,0.42496395178790564,0.5750360482120943,326
