True_Sentiment,avg_audio_attn,avg_text_attn,n_samples
negative,0.39541647119296036,0.6045835288070397,762
neutral,0.758537541166823,0.24146245883317696,1243
positive,0.5566444642102916,0.4433555357897085,605
