True_Emotion,avg_audio_attn,avg_text_attn,n_samples
anger,0.5566811018542155,0.44331889814578446,298
disgust,0.5752189781354822,0.4247810218645179,69
fear,0.5191764779187538,0.48082352208124624,74
joy,0.6193115106594246,0.3806884893405754,452
neutral,0.6157940473536379,0.38420595264636215,1243
sadness,0.5716507032110885,0.42834929678891154,148
surprise,0.5589140013683062,0.44108599863169384,326
