{
  "classification_report": {
    "anger": {
      "precision": 0.5844504021447721,
      "recall": 0.43687374749499,
      "f1-score": 0.5,
      "support": 499.0
    },
    "disgust": {
      "precision": 0.5194805194805194,
      "recall": 0.7142857142857143,
      "f1-score": 0.6015037593984962,
      "support": 56.0
    },
    "fear": {
      "precision": 0.49230769230769234,
      "recall": 0.5161290322580645,
      "f1-score": 0.5039370078740157,
      "support": 62.0
    },
    "neutral": {
      "precision": 0.5792922673656619,
      "recall": 0.6269503546099291,
      "f1-score": 0.6021798365122616,
      "support": 705.0
    },
    "sadness": {
      "precision": 0.4122137404580153,
      "recall": 0.4954128440366973,
      "f1-score": 0.45,
      "support": 218.0
    },
    "accuracy": 0.5454545454545454,
    "macro avg": {
      "precision": 0.5175489243513323,
      "recall": 0.5579303385370791,
      "f1-score": 0.5315241207569548,
      "support": 1540.0
    },
    "weighted avg": {
      "precision": 0.5516353120758871,
      "recall": 0.5454545454545454,
      "f1-score": 0.5435487595815903,
      "support": 1540.0
    }
  },
  "confusion_matrix": [
    [
      218,
      9,
      4,
      231,
      37
    ],
    [
      2,
      40,
      6,
      1,
      7
    ],
    [
      8,
      5,
      32,
      4,
      13
    ],
    [
      134,
      18,
      14,
      442,
      97
    ],
    [
      11,
      5,
      9,
      85,
      108
    ]
  ],
  "classes": [
    "anger",
    "disgust",
    "fear",
    "neutral",
    "sadness"
  ],
  "test_accuracy": 0.5454545454545454
}