True_Sentiment,avg_audio_attn,avg_text_attn,n_samples
negative,0.429258735912786,0.570741264087214,762
neutral,0.8557863297811555,0.14421367021884443,1243
positive,0.6819551936450823,0.3180448063549178,605
